Uno	CR-029	Drug_237	0.9519	0.0139	0.851	0	12
Uno	CR-029	Drug_1078	0.8605	0.043	0.737	0	12
Uno	CR-029	Drug_538	0.9321	0.023	0.9	0	12
Uno	CR-029	Drug_554	0.8485	0.0396	0.686	0	12
Uno	CR-029	Drug_118	0.9717	0.0254	0.961	0	12
Uno	CR-029	Drug_721	0.9741	0.0148	0.996	0	12
Uno	CR-029	Drug_988	0.5104	0.0918	0.49	0	12
Uno	CR-029	Drug_883	0.9466	0.0239	1	0	12
Uno	CR-029	JNK-IN-8	0.9222	0.0225	0.894	0	12
Uno	CR-029	Drug_731	0.9701	0.0112	0.986	0	12
Uno	CR-029	Drug_194	0.6993	0.0801	0.399	0	12
Uno	CR-029	Drug_201	0.8602	0.0341	0.698	0	12
Uno	CR-029	Drug_246	0.9666	0.0161	1	0	12
Uno	CR-029	Drug_293	0.9715	0.0141	0.994	0	12
Uno	CR-029	Drug_1327	0.5991	0.0454	0.671	0	12
Uno	CR-029	Drug_601	0.9704	0.0152	0.998	0	12
Uno	CR-029	Drug_495	0.9387	0.0126	0.828	0	12
Uno	CR-029	Drug_614	0.8859	0.0544	0.804	0	12
Uno	CR-029	Drug_384	0.7686	0.0683	0.766	0	12
Uno	CR-029	Drug_1127	0.8514	0.0569	0.491	0	12
Uno	CR-029	Drug_572	0.8252	0.0406	0.657	0	12
Uno	CR-029	Drug_984	0.8385	0.057	0.611	0	12
Uno	CR-029	Drug_1220	0.939	0.0152	0.984	0	12
Uno	CR-029	Drug_557	0.9549	0.0107	0.882	0	12
Uno	CR-029	Drug_1472	0.728	0.1052	0.397	0	12
Uno	CR-029	Drug_908	0.8931	0.0559	0.48	0	12
Uno	CR-029	Drug_865	0.8858	0.0334	0.663	0	12
Uno	CO-173	Drug_1327	0.6291	0.061	0.408	0	12
Uno	CO-173	Drug_201	0.8756	0.034	0.808	0	12
Uno	CO-173	Drug_865	0.8386	0.0398	0.829	0	12
Uno	CO-173	Drug_554	0.8648	0.0518	0.785	0	12
Uno	CO-173	Drug_118	0.9767	0.0236	0.982	0	12
Uno	CO-173	Drug_495	0.931	0.0192	0.921	0	12
Uno	CO-173	Drug_1472	0.7417	0.1047	0.613	0	12
Uno	CO-173	Drug_246	0.9646	0.0162	0.974	0	12
Uno	CO-173	Drug_557	0.9543	0.0121	0.936	0	12
Uno	CO-173	Drug_1127	0.8712	0.0696	0.683	0	12
Uno	CO-173	Drug_614	0.9275	0.0274	0.847	0	12
Uno	CO-173	Drug_601	0.9654	0.0092	0.938	0	12
Uno	CO-173	Drug_293	0.9667	0.017	1	0	12
Uno	CO-173	Drug_237	0.9524	0.0199	0.977	0	12
Uno	CO-173	Drug_883	0.9467	0.0168	0.983	0	12
Uno	CO-173	JNK-IN-8	0.9253	0.021	0.846	0	12
Uno	CO-173	Drug_908	0.8898	0.0346	0.857	0	12
Uno	CO-173	Drug_384	0.7686	0.0616	0.794	0	12
Uno	CO-173	Drug_731	0.9746	0.0116	0.988	0	12
Uno	CO-173	Drug_988	0.6152	0.1496	0.345	0	12
Uno	CO-173	Drug_721	0.982	0.012	1	0	12
Uno	CO-173	Drug_572	0.8568	0.0462	0.861	0	12
Uno	CO-173	Drug_1078	0.8777	0.0463	0.847	0	12
Uno	CO-173	Drug_194	0.6734	0.0829	0.604	0	12
Uno	CO-173	Drug_538	0.9342	0.0181	0.899	0	12
Uno	CO-173	Drug_1220	0.9551	0.0184	0.88	0	12
Uno	CO-173	Drug_984	0.8512	0.0336	0.864	0	12
Uno	CO-163	Drug_601	0.9378	0.0281	0.929	0	12
Uno	CO-163	Drug_293	0.9635	0.028	0.927	0	12
Uno	CO-163	Drug_237	0.8971	0.0231	0.996	0	12
Uno	CO-163	JNK-IN-8	0.8926	0.0298	0.906	0	12
Uno	CO-163	Drug_883	0.9043	0.0263	0.929	0	12
Uno	CO-163	Drug_908	0.6235	0.0703	0.334	0	12
Uno	CO-163	Drug_384	0.6073	0.0923	0.926	0	12
Uno	CO-163	Drug_731	0.9395	0.0111	0.762	0	12
Uno	CO-163	Drug_721	0.9429	0.0184	0.983	0	12
Uno	CO-163	Drug_988	0.3986	0.0315	0.343	0	12
Uno	CO-163	Drug_1078	0.6914	0.0962	0.58	0	12
Uno	CO-163	Drug_572	0.6861	0.0382	0.687	0	12
Uno	CO-163	Drug_194	0.4481	0.0415	0.256	0	12
Uno	CO-163	Drug_538	0.8283	0.0468	0.65	0	12
Uno	CO-163	Drug_1220	0.9346	0.0218	0.907	0	12
Uno	CO-163	Drug_984	0.7092	0.1077	0.788	0	12
Uno	CO-163	Drug_1327	0.5885	0.0389	0.614	0	12
Uno	CO-163	Drug_865	0.6349	0.077	0.685	0	12
Uno	CO-163	Drug_201	0.8177	0.0226	0.922	0	12
Uno	CO-163	Drug_554	0.6618	0.0414	0.627	0	12
Uno	CO-163	Drug_118	0.9476	0.023	0.696	0	12
Uno	CO-163	Drug_1472	0.4108	0.0697	0.559	0	12
Uno	CO-163	Drug_495	0.8306	0.0546	0.967	0	12
Uno	CO-163	Drug_246	0.9389	0.0154	0.996	0	12
Uno	CO-163	Drug_557	0.9253	0.0168	0.61	0	12
Uno	CO-163	Drug_1127	0.4913	0.0858	0.515	0	12
Uno	CO-163	Drug_614	0.7023	0.0853	0.404	0	12
Uno	CO-042	Drug_865	0.6639	0.0619	0.699	0	12
Uno	CO-042	Drug_201	0.8133	0.0237	0.627	0	12
Uno	CO-042	Drug_1327	0.5635	0.0299	0.379	0	12
Uno	CO-042	Drug_118	0.9594	0.0211	0.967	0	12
Uno	CO-042	Drug_554	0.6516	0.0356	0.758	0	12
Uno	CO-042	Drug_557	0.9019	0.0235	0.986	0	12
Uno	CO-042	Drug_246	0.9484	0.0145	0.86	0	12
Uno	CO-042	Drug_1472	0.362	0.0356	0.302	0	12
Uno	CO-042	Drug_495	0.8376	0.039	0.917	0	12
Uno	CO-042	Drug_614	0.8164	0.0625	0.98	0	12
Uno	CO-042	Drug_1127	0.4198	0.0613	0.497	0	12
Uno	CO-042	Drug_293	0.9775	0.0144	0.968	0	12
Uno	CO-042	Drug_601	0.9498	0.0129	0.985	0	12
Uno	CO-042	Drug_908	0.5633	0.0658	0.6	0	12
Uno	CO-042	JNK-IN-8	0.8817	0.037	0.915	0	12
Uno	CO-042	Drug_731	0.9499	0.0124	0.977	0	12
Uno	CO-042	Drug_883	0.9138	0.0199	0.996	0	12
Uno	CO-042	Drug_384	0.8451	0.0341	0.933	0	12
Uno	CO-042	Drug_237	0.8911	0.0277	0.925	0	12
Uno	CO-042	Drug_194	0.3787	0.0479	0.197	0	12
Uno	CO-042	Drug_721	0.9545	0.0178	0.997	0	12
Uno	CO-042	Drug_988	0.352	0.0452	0.197	0	12
Uno	CO-042	Drug_1078	0.6807	0.0653	0.779	0	12
Uno	CO-042	Drug_572	0.691	0.0277	0.572	0	12
Uno	CO-042	Drug_984	0.6747	0.1012	0.614	0	12
Uno	CO-042	Drug_1220	0.94	0.0222	0.98	0	12
Uno	CO-042	Drug_538	0.7709	0.0604	0.883	0	12
Uno	HN-158	Drug_1168	0.8081	0.038	0.72	0	12
Uno	HN-158	Drug_984	0.7861	0.0374	0.759	0	12
Uno	HN-158	Drug_728	0.6448	0.0383	0.646	0	12
Uno	HN-158	Drug_1220	0.9283	0.0167	0.926	0	12
Uno	HN-158	Drug_538	0.7867	0.0682	0.452	0	12
Uno	HN-158	Drug_194	0.4052	0.0731	0.221	0	12
Uno	HN-158	Drug_988	0.4006	0.0347	0.449	0	12
Uno	HN-158	Drug_1078	0.6669	0.0731	0.551	0	12
Uno	HN-158	Drug_572	0.7235	0.0527	0.602	0	12
Uno	HN-158	JNK-IN-8	0.8941	0.0299	0.905	0	12
Uno	HN-158	Drug_908	0.5173	0.0653	0.374	0	12
Uno	HN-158	Drug_384	0.8367	0.041	0.834	0	12
Uno	HN-158	Drug_859	0.9617	0.0154	0.936	0	12
Uno	HN-158	Drug_720	0.9518	0.0089	0.956	0	12
Uno	HN-158	Drug_237	0.8932	0.0238	0.904	0	12
Uno	HN-158	Drug_42	0.9338	0.0172	0.9	0	12
Uno	HN-158	Drug_293	0.9711	0.015	0.927	0	12
Uno	HN-158	Drug_614	0.7284	0.0555	0.535	0	12
Uno	HN-158	Drug_1127	0.5445	0.0749	0.373	0	12
Uno	HN-158	Drug_246	0.9453	0.0122	0.942	0	12
Uno	HN-158	Drug_1472	0.4975	0.075	0.149	0	12
Uno	HN-158	Drug_953	0.9073	0.0417	0.952	0	12
Uno	HN-158	Drug_533	0.939	0.0145	0.907	0	12
Uno	HN-158	Drug_967	0.8823	0.0244	0.847	0	12
Uno	HN-158	Drug_554	0.7392	0.053	0.717	0	12
Uno	HN-158	Drug_201	0.8286	0.0261	0.814	0	12
Uno	HN-158	Drug_1105	0.4958	0.1226	0.414	0	12
Uno	CO-071	Drug_1327	0.5753	0.0334	0.603	0	12
Uno	CO-071	Drug_865	0.7506	0.0629	0.8	0	12
Uno	CO-071	Drug_201	0.7972	0.0189	0.764	0	12
Uno	CO-071	Drug_554	0.6518	0.0603	0.707	0	12
Uno	CO-071	Drug_118	0.9446	0.0324	0.93	0	12
Uno	CO-071	Drug_1472	0.3664	0.0417	0.657	0	12
Uno	CO-071	Drug_495	0.8482	0.0233	0.954	0	12
Uno	CO-071	Drug_246	0.959	0.0165	0.839	0	12
Uno	CO-071	Drug_557	0.9244	0.0186	0.926	0	12
Uno	CO-071	Drug_1127	0.4688	0.0636	0.718	0	12
Uno	CO-071	Drug_614	0.8058	0.0563	0.919	0	12
Uno	CO-071	Drug_601	0.9591	0.0079	0.959	0	12
Uno	CO-071	Drug_293	0.9578	0.0198	0.923	0	12
Uno	CO-071	Drug_237	0.9082	0.027	0.968	0	12
Uno	CO-071	JNK-IN-8	0.8854	0.0332	0.896	0	12
Uno	CO-071	Drug_883	0.9263	0.0239	0.777	0	12
Uno	CO-071	Drug_908	0.6509	0.0736	0.745	0	12
Uno	CO-071	Drug_731	0.947	0.0226	0.993	0	12
Uno	CO-071	Drug_384	0.8523	0.0417	0.567	0	12
Uno	CO-071	Drug_988	0.349	0.0387	0.409	0	12
Uno	CO-071	Drug_721	0.9548	0.017	1	0	12
Uno	CO-071	Drug_572	0.7081	0.0405	0.756	0	12
Uno	CO-071	Drug_1078	0.6744	0.0854	0.805	0	12
Uno	CO-071	Drug_194	0.4189	0.0435	0.542	0	12
Uno	CO-071	Drug_538	0.8253	0.0637	0.814	0	12
Uno	CO-071	Drug_1220	0.9281	0.0194	0.984	0	12
Uno	CO-071	Drug_984	0.6401	0.1011	0.872	0	12
Uno	HN-239	Drug_194	0.5358	0.0549	0.377	0	12
Uno	HN-239	Drug_988	0.5643	0.0953	0.648	0	12
Uno	HN-239	Drug_1078	0.7655	0.0754	0.901	0	12
Uno	HN-239	Drug_572	0.7997	0.0478	0.765	0	12
Uno	HN-239	Drug_984	0.8266	0.0705	0.868	0	12
Uno	HN-239	Drug_1168	0.8496	0.029	0.894	0	12
Uno	HN-239	Drug_1220	0.9218	0.0282	0.932	0	12
Uno	HN-239	Drug_728	0.7426	0.0658	0.722	0	12
Uno	HN-239	Drug_538	0.8434	0.0588	0.862	0	12
Uno	HN-239	Drug_42	0.9371	0.0201	0.916	0	12
Uno	HN-239	Drug_293	0.9712	0.0312	0.98	0	12
Uno	HN-239	Drug_720	0.9579	0.0137	0.93	0	12
Uno	HN-239	Drug_859	0.953	0.0086	0.996	0	12
Uno	HN-239	JNK-IN-8	0.8872	0.0182	0.956	0	12
Uno	HN-239	Drug_908	0.6524	0.0759	0.689	0	12
Uno	HN-239	Drug_384	0.8721	0.0373	0.954	0	12
Uno	HN-239	Drug_237	0.912	0.0202	0.873	0	12
Uno	HN-239	Drug_246	0.9581	0.0086	0.981	0	12
Uno	HN-239	Drug_1472	0.6304	0.0698	0.544	0	12
Uno	HN-239	Drug_614	0.8185	0.0666	0.624	0	12
Uno	HN-239	Drug_1127	0.7556	0.0795	0.634	0	12
Uno	HN-239	Drug_1105	0.7564	0.0494	0.687	0	12
Uno	HN-239	Drug_201	0.8539	0.017	0.849	0	12
Uno	HN-239	Drug_967	0.9059	0.0311	0.829	0	12
Uno	HN-239	Drug_533	0.9272	0.0215	0.837	0	12
Uno	HN-239	Drug_953	0.9189	0.0161	0.94	0	12
Uno	HN-239	Drug_554	0.8095	0.0571	0.777	0	12
Uno	HN-185	Drug_246	0.9652	0.0141	0.905	0	12
Uno	HN-185	Drug_1472	0.8151	0.0681	0.613	0	12
Uno	HN-185	Drug_614	0.8694	0.0396	0.656	0	12
Uno	HN-185	Drug_1127	0.8794	0.0408	0.529	0	12
Uno	HN-185	Drug_1105	0.836	0.052	0.568	0	12
Uno	HN-185	Drug_201	0.8935	0.0328	0.789	0	12
Uno	HN-185	Drug_953	0.9463	0.0202	0.955	0	12
Uno	HN-185	Drug_967	0.9241	0.0245	0.906	0	12
Uno	HN-185	Drug_533	0.9403	0.0141	0.881	0	12
Uno	HN-185	Drug_554	0.9249	0.0252	0.706	0	12
Uno	HN-185	Drug_194	0.659	0.1034	0.356	0	12
Uno	HN-185	Drug_988	0.6856	0.127	0.496	0	12
Uno	HN-185	Drug_572	0.8721	0.0321	0.738	0	12
Uno	HN-185	Drug_1078	0.7733	0.0923	0.724	0	12
Uno	HN-185	Drug_1168	0.9182	0.0237	0.916	0	12
Uno	HN-185	Drug_984	0.8618	0.0334	0.903	0	12
Uno	HN-185	Drug_728	0.7919	0.0727	0.538	0	12
Uno	HN-185	Drug_1220	0.9228	0.0209	0.956	0	12
Uno	HN-185	Drug_538	0.9233	0.0174	0.877	0	12
Uno	HN-185	Drug_42	0.944	0.0137	0.923	0	12
Uno	HN-185	Drug_293	0.9823	0.0359	1	0	12
Uno	HN-185	JNK-IN-8	0.9325	0.0213	0.816	0	12
Uno	HN-185	Drug_384	0.775	0.0594	0.804	0	12
Uno	HN-185	Drug_908	0.8608	0.0398	0.439	0	12
Uno	HN-185	Drug_859	0.9656	0.0153	0.989	0	12
Uno	HN-185	Drug_720	0.9782	0.0181	0.952	0	12
Uno	HN-185	Drug_237	0.9488	0.0143	0.901	0	12
Uno	CO-118	Drug_1220	0.9412	0.0127	0.997	0	12
Uno	CO-118	Drug_538	0.8771	0.0412	0.907	0	12
Uno	CO-118	Drug_984	0.7514	0.072	0.994	0	12
Uno	CO-118	Drug_988	0.4031	0.0414	0.886	0	12
Uno	CO-118	Drug_721	0.9551	0.0134	1	0	12
Uno	CO-118	Drug_572	0.7299	0.0344	0.903	0	12
Uno	CO-118	Drug_1078	0.7935	0.0657	0.998	0	12
Uno	CO-118	Drug_194	0.4821	0.0432	0.735	0	12
Uno	CO-118	Drug_237	0.9304	0.0204	0.994	0	12
Uno	CO-118	Drug_883	0.9279	0.0198	0.934	0	12
Uno	CO-118	JNK-IN-8	0.917	0.027	0.91	0	12
Uno	CO-118	Drug_908	0.6494	0.0563	0.957	0	12
Uno	CO-118	Drug_384	0.7361	0.0589	0.993	0	12
Uno	CO-118	Drug_731	0.9564	0.0125	0.948	0	12
Uno	CO-118	Drug_601	0.963	0.0088	0.987	0	12
Uno	CO-118	Drug_293	0.972	0.0256	0.998	0	12
Uno	CO-118	Drug_1127	0.5554	0.0664	0.914	0	12
Uno	CO-118	Drug_614	0.8027	0.0557	1	0	12
Uno	CO-118	Drug_1472	0.4721	0.0714	0.788	0	12
Uno	CO-118	Drug_495	0.8685	0.0254	0.944	0	12
Uno	CO-118	Drug_246	0.9462	0.0155	1	0	12
Uno	CO-118	Drug_557	0.9266	0.0173	1	0	12
Uno	CO-118	Drug_554	0.7265	0.0557	0.946	0	12
Uno	CO-118	Drug_118	0.9588	0.0235	1	0	12
Uno	CO-118	Drug_1327	0.6035	0.0392	0.608	0	12
Uno	CO-118	Drug_865	0.7401	0.0528	0.998	0	12
Uno	CO-118	Drug_201	0.8209	0.0265	0.998	0	12
Uno	HN-184	Drug_728	0.6599	0.0447	0.465	0	12
Uno	HN-184	Drug_1220	0.8932	0.0266	0.833	0	12
Uno	HN-184	Drug_538	0.8815	0.038	0.493	0	12
Uno	HN-184	Drug_1168	0.8766	0.0413	0.778	0	12
Uno	HN-184	Drug_984	0.8059	0.0445	0.766	0	12
Uno	HN-184	Drug_988	0.4518	0.0409	0.248	0	12
Uno	HN-184	Drug_572	0.807	0.0378	0.687	0	12
Uno	HN-184	Drug_1078	0.5597	0.0911	0.366	0	12
Uno	HN-184	Drug_194	0.5781	0.0655	0.247	0	12
Uno	HN-184	Drug_237	0.9129	0.0167	0.603	0	12
Uno	HN-184	Drug_384	0.78	0.0612	0.81	0	12
Uno	HN-184	JNK-IN-8	0.8988	0.0232	0.923	0	12
Uno	HN-184	Drug_908	0.734	0.1022	0.434	0	12
Uno	HN-184	Drug_859	0.9578	0.015	0.98	0	12
Uno	HN-184	Drug_720	0.9628	0.0121	0.8	0	12
Uno	HN-184	Drug_42	0.9506	0.0146	0.748	0	12
Uno	HN-184	Drug_293	0.974	0.0234	1	0	12
Uno	HN-184	Drug_1127	0.759	0.0977	0.279	0	12
Uno	HN-184	Drug_614	0.7753	0.0395	0.414	0	12
Uno	HN-184	Drug_1472	0.6691	0.0341	0.268	0	12
Uno	HN-184	Drug_246	0.9435	0.0144	0.892	0	12
Uno	HN-184	Drug_554	0.852	0.0344	0.572	0	12
Uno	HN-184	Drug_953	0.9335	0.018	0.897	0	12
Uno	HN-184	Drug_533	0.9316	0.0194	0.924	0	12
Uno	HN-184	Drug_967	0.8793	0.0308	0.826	0	12
Uno	HN-184	Drug_1105	0.7849	0.062	0.226	0	12
Uno	HN-184	Drug_201	0.8253	0.0212	0.831	0	12
Uno	CO-119	Drug_118	0.9606	0.0209	1	0	12
Uno	CO-119	Drug_554	0.7268	0.0579	0.824	0	12
Uno	CO-119	Drug_865	0.7381	0.0501	0.828	0	12
Uno	CO-119	Drug_201	0.8056	0.0371	0.873	0	12
Uno	CO-119	Drug_1327	0.6062	0.0335	0.768	0	12
Uno	CO-119	Drug_614	0.6908	0.1002	1	0	12
Uno	CO-119	Drug_1127	0.5856	0.1295	0.985	0	12
Uno	CO-119	Drug_246	0.9492	0.0199	0.967	0	12
Uno	CO-119	Drug_557	0.9271	0.0266	0.958	0	12
Uno	CO-119	Drug_1472	0.4806	0.0645	0.953	0	12
Uno	CO-119	Drug_495	0.8573	0.0437	1	0	12
Uno	CO-119	JNK-IN-8	0.9015	0.0201	0.995	0	12
Uno	CO-119	Drug_908	0.7336	0.0955	0.967	0	12
Uno	CO-119	Drug_384	0.6459	0.0536	0.93	0	12
Uno	CO-119	Drug_883	0.8831	0.0391	1	0	12
Uno	CO-119	Drug_731	0.955	0.0159	0.968	0	12
Uno	CO-119	Drug_237	0.9062	0.042	1	0	12
Uno	CO-119	Drug_293	0.9575	0.0279	1	0	12
Uno	CO-119	Drug_601	0.944	0.0117	1	0	12
Uno	CO-119	Drug_984	0.7671	0.0648	0.626	0	12
Uno	CO-119	Drug_538	0.8568	0.0422	0.903	0	12
Uno	CO-119	Drug_1220	0.9246	0.0198	0.997	0	12
Uno	CO-119	Drug_194	0.4672	0.0734	0.693	0	12
Uno	CO-119	Drug_1078	0.7331	0.0757	0.938	0	12
Uno	CO-119	Drug_988	0.3738	0.0355	0.613	0	12
Uno	CO-119	Drug_721	0.9573	0.0159	1	0	12
Uno	CO-119	Drug_572	0.746	0.0469	0.78	0	12
Uno	HN-049	Drug_1105	0.3964	0.0563	0.477	0	12
Uno	HN-049	Drug_201	0.8018	0.0319	0.794	0	12
Uno	HN-049	Drug_554	0.7139	0.0642	0.677	0	12
Uno	HN-049	Drug_953	0.8933	0.0323	0.952	0	12
Uno	HN-049	Drug_967	0.8552	0.0276	0.845	0	12
Uno	HN-049	Drug_533	0.9314	0.0123	0.899	0	12
Uno	HN-049	Drug_1472	0.4605	0.0752	0.354	0	12
Uno	HN-049	Drug_246	0.9314	0.0184	0.843	0	12
Uno	HN-049	Drug_1127	0.3874	0.0695	0.445	0	12
Uno	HN-049	Drug_614	0.6769	0.0594	0.563	0	12
Uno	HN-049	Drug_42	0.9184	0.0257	0.881	0	12
Uno	HN-049	Drug_293	0.9643	0.0263	0.908	0	12
Uno	HN-049	Drug_237	0.8411	0.0318	0.892	0	12
Uno	HN-049	Drug_908	0.4756	0.0391	0.223	0	12
Uno	HN-049	JNK-IN-8	0.894	0.0242	0.824	0	12
Uno	HN-049	Drug_384	0.7947	0.0364	0.749	0	12
Uno	HN-049	Drug_859	0.9527	0.0122	0.956	0	12
Uno	HN-049	Drug_720	0.952	0.0125	0.936	0	12
Uno	HN-049	Drug_988	0.375	0.0398	0.408	0	12
Uno	HN-049	Drug_1078	0.559	0.0653	0.457	0	12
Uno	HN-049	Drug_572	0.6747	0.0618	0.698	0	12
Uno	HN-049	Drug_194	0.3471	0.038	0.434	0	12
Uno	HN-049	Drug_728	0.6075	0.0363	0.613	0	12
Uno	HN-049	Drug_1220	0.8927	0.0374	0.891	0	12
Uno	HN-049	Drug_538	0.7513	0.0463	0.642	0	12
Uno	HN-049	Drug_1168	0.8347	0.0305	0.753	0	12
Uno	HN-049	Drug_984	0.7996	0.0503	0.795	0	12
Uno	HN-244	Drug_554	0.797	0.0495	0.681	0	12
Uno	HN-244	Drug_953	0.8979	0.0181	0.894	0	12
Uno	HN-244	Drug_967	0.861	0.029	0.845	0	12
Uno	HN-244	Drug_533	0.9147	0.0276	0.918	0	12
Uno	HN-244	Drug_1105	0.6201	0.0688	0.525	0	12
Uno	HN-244	Drug_201	0.8142	0.0187	0.764	0	12
Uno	HN-244	Drug_1127	0.6473	0.0797	0.3	0	12
Uno	HN-244	Drug_614	0.7777	0.0728	0.826	0	12
Uno	HN-244	Drug_1472	0.6489	0.0524	0.522	0	12
Uno	HN-244	Drug_246	0.9402	0.0233	1	0	12
Uno	HN-244	Drug_237	0.8661	0.0394	0.807	0	12
Uno	HN-244	JNK-IN-8	0.908	0.0289	0.646	0	12
Uno	HN-244	Drug_384	0.8371	0.0508	0.989	0	12
Uno	HN-244	Drug_908	0.6671	0.1053	0.477	0	12
Uno	HN-244	Drug_720	0.9573	0.0157	0.881	0	12
Uno	HN-244	Drug_859	0.9613	0.0141	0.97	0	12
Uno	HN-244	Drug_42	0.9532	0.0223	0.843	0	12
Uno	HN-244	Drug_293	0.9296	0.0314	0.895	0	12
Uno	HN-244	Drug_538	0.8699	0.0273	0.764	0	12
Uno	HN-244	Drug_728	0.6743	0.0418	0.514	0	12
Uno	HN-244	Drug_1220	0.8554	0.0249	0.987	0	12
Uno	HN-244	Drug_984	0.7748	0.0557	0.802	0	12
Uno	HN-244	Drug_1168	0.876	0.0384	0.81	0	12
Uno	HN-244	Drug_988	0.4378	0.0721	0.428	0	12
Uno	HN-244	Drug_572	0.7926	0.0422	0.769	0	12
Uno	HN-244	Drug_1078	0.6335	0.0931	0.481	0	12
Uno	HN-244	Drug_194	0.4387	0.0571	0.235	0	12
Uno	CO-103	Drug_557	0.9305	0.0167	0.934	0	12
Uno	CO-103	Drug_246	0.9639	0.0135	0.978	0	12
Uno	CO-103	Drug_495	0.904	0.028	0.966	0	12
Uno	CO-103	Drug_1472	0.7253	0.0663	0.609	0	12
Uno	CO-103	Drug_614	0.8657	0.0444	0.826	0	12
Uno	CO-103	Drug_1127	0.8201	0.0495	0.843	0	12
Uno	CO-103	Drug_201	0.8509	0.0211	0.858	0	12
Uno	CO-103	Drug_865	0.7872	0.0558	0.749	0	12
Uno	CO-103	Drug_1327	0.6145	0.0313	0.484	0	12
Uno	CO-103	Drug_118	0.9677	0.0297	0.984	0	12
Uno	CO-103	Drug_554	0.8536	0.045	0.865	0	12
Uno	CO-103	Drug_194	0.6316	0.0644	0.636	0	12
Uno	CO-103	Drug_1078	0.7797	0.0822	0.831	0	12
Uno	CO-103	Drug_988	0.5556	0.0809	0.5	0	12
Uno	CO-103	Drug_721	0.9715	0.0125	0.981	0	12
Uno	CO-103	Drug_572	0.8016	0.039	0.855	0	12
Uno	CO-103	Drug_984	0.8637	0.0326	0.771	0	12
Uno	CO-103	Drug_538	0.9139	0.021	0.93	0	12
Uno	CO-103	Drug_1220	0.9323	0.0327	0.972	0	12
Uno	CO-103	Drug_293	0.9716	0.0176	1	0	12
Uno	CO-103	Drug_601	0.9536	0.013	0.998	0	12
Uno	CO-103	JNK-IN-8	0.9266	0.0331	0.963	0	12
Uno	CO-103	Drug_883	0.919	0.022	0.965	0	12
Uno	CO-103	Drug_908	0.7979	0.1072	0.783	0	12
Uno	CO-103	Drug_384	0.7179	0.0599	0.782	0	12
Uno	CO-103	Drug_731	0.9632	0.0125	0.994	0	12
Uno	CO-103	Drug_237	0.9339	0.0196	0.992	0	12
Uno	CO-031	Drug_601	0.9383	0.0106	0.904	0	12
Uno	CO-031	Drug_293	0.9383	0.0441	0.988	0	12
Uno	CO-031	Drug_237	0.8726	0.0343	0.863	0	12
Uno	CO-031	JNK-IN-8	0.8695	0.0375	0.804	0	12
Uno	CO-031	Drug_731	0.9401	0.0162	0.986	0	12
Uno	CO-031	Drug_908	0.6306	0.0758	0.303	0	12
Uno	CO-031	Drug_883	0.9077	0.0301	0.838	0	12
Uno	CO-031	Drug_384	0.8632	0.0364	0.531	0	12
Uno	CO-031	Drug_988	0.3279	0.0272	0.323	0	12
Uno	CO-031	Drug_721	0.9446	0.0219	1	0	12
Uno	CO-031	Drug_572	0.6767	0.0334	0.628	0	12
Uno	CO-031	Drug_1078	0.6565	0.0801	0.703	0	12
Uno	CO-031	Drug_194	0.4135	0.0623	0.297	0	12
Uno	CO-031	Drug_1220	0.9184	0.0231	0.895	0	12
Uno	CO-031	Drug_538	0.7605	0.052	0.721	0	12
Uno	CO-031	Drug_984	0.5327	0.1001	0.494	0	12
Uno	CO-031	Drug_1327	0.579	0.0482	0.446	0	12
Uno	CO-031	Drug_865	0.7196	0.0435	0.561	0	12
Uno	CO-031	Drug_201	0.7791	0.0277	0.774	0	12
Uno	CO-031	Drug_554	0.6217	0.0506	0.484	0	12
Uno	CO-031	Drug_118	0.9206	0.0279	1	0	12
Uno	CO-031	Drug_1472	0.3529	0.0929	0.231	0	12
Uno	CO-031	Drug_495	0.8209	0.0282	0.756	0	12
Uno	CO-031	Drug_557	0.9088	0.0229	0.899	0	12
Uno	CO-031	Drug_246	0.9409	0.0213	0.994	0	12
Uno	CO-031	Drug_1127	0.448	0.0464	0.336	0	12
Uno	CO-031	Drug_614	0.8163	0.1034	0.838	0	12
Uno	CO-045	Drug_721	0.9593	0.0132	1	0	12
Uno	CO-045	Drug_988	0.3313	0.0447	0.304	0	12
Uno	CO-045	Drug_572	0.708	0.0296	0.684	0	12
Uno	CO-045	Drug_1078	0.7155	0.081	0.657	0	12
Uno	CO-045	Drug_194	0.3974	0.027	0.51	0	12
Uno	CO-045	Drug_1220	0.9232	0.0304	0.901	0	12
Uno	CO-045	Drug_538	0.8267	0.0374	0.761	0	12
Uno	CO-045	Drug_984	0.734	0.0627	0.63	0	12
Uno	CO-045	Drug_601	0.9598	0.0152	0.992	0	12
Uno	CO-045	Drug_293	0.9749	0.0169	0.946	0	12
Uno	CO-045	Drug_237	0.9052	0.0212	0.899	0	12
Uno	CO-045	Drug_883	0.918	0.0233	0.944	0	12
Uno	CO-045	JNK-IN-8	0.8946	0.0299	0.797	0	12
Uno	CO-045	Drug_908	0.7073	0.0731	0.327	0	12
Uno	CO-045	Drug_384	0.8837	0.0387	0.778	0	12
Uno	CO-045	Drug_731	0.957	0.0101	0.992	0	12
Uno	CO-045	Drug_1472	0.4078	0.071	0.394	0	12
Uno	CO-045	Drug_495	0.8571	0.0232	0.902	0	12
Uno	CO-045	Drug_557	0.9212	0.0188	0.957	0	12
Uno	CO-045	Drug_246	0.9458	0.012	0.814	0	12
Uno	CO-045	Drug_1127	0.5016	0.0986	0.438	0	12
Uno	CO-045	Drug_614	0.8611	0.0366	0.954	0	12
Uno	CO-045	Drug_1327	0.5609	0.0356	0.561	0	12
Uno	CO-045	Drug_865	0.7891	0.0742	0.696	0	12
Uno	CO-045	Drug_201	0.8143	0.0383	0.746	0	12
Uno	CO-045	Drug_554	0.6946	0.0597	0.503	0	12
Uno	CO-045	Drug_118	0.9561	0.0212	0.87	0	12
Uno	CO-161	Drug_865	0.7646	0.0681	0.768	0	12
Uno	CO-161	Drug_201	0.8012	0.0267	0.778	0	12
Uno	CO-161	Drug_1327	0.561	0.028	0.59	0	12
Uno	CO-161	Drug_118	0.9668	0.015	1	0	12
Uno	CO-161	Drug_554	0.6858	0.043	0.721	0	12
Uno	CO-161	Drug_557	0.9286	0.0152	0.945	0	12
Uno	CO-161	Drug_246	0.9464	0.0125	0.994	0	12
Uno	CO-161	Drug_1472	0.3939	0.0383	0.365	0	12
Uno	CO-161	Drug_495	0.8514	0.0362	0.817	0	12
Uno	CO-161	Drug_614	0.8132	0.0389	1	0	12
Uno	CO-161	Drug_1127	0.4635	0.0938	0.496	0	12
Uno	CO-161	Drug_293	0.9732	0.0167	0.989	0	12
Uno	CO-161	Drug_601	0.9531	0.0108	0.963	0	12
Uno	CO-161	Drug_908	0.6389	0.0841	0.775	0	12
Uno	CO-161	JNK-IN-8	0.881	0.0233	0.812	0	12
Uno	CO-161	Drug_384	0.8387	0.0562	0.924	0	12
Uno	CO-161	Drug_883	0.9015	0.0212	0.988	0	12
Uno	CO-161	Drug_731	0.951	0.0057	0.983	0	12
Uno	CO-161	Drug_237	0.908	0.0273	0.858	0	12
Uno	CO-161	Drug_194	0.4083	0.0295	0.49	0	12
Uno	CO-161	Drug_721	0.962	0.0141	0.993	0	12
Uno	CO-161	Drug_988	0.3779	0.0433	0.454	0	12
Uno	CO-161	Drug_572	0.7031	0.0414	0.65	0	12
Uno	CO-161	Drug_1078	0.7306	0.036	0.945	0	12
Uno	CO-161	Drug_984	0.7112	0.0738	0.497	0	12
Uno	CO-161	Drug_538	0.8279	0.0363	0.8	0	12
Uno	CO-161	Drug_1220	0.9225	0.0224	0.96	0	12
Uno	CR-034	Drug_201	0.7961	0.0242	0.609	0	12
Uno	CR-034	Drug_865	0.6725	0.0643	0.485	0	12
Uno	CR-034	Drug_1327	0.5555	0.0425	0.373	0	12
Uno	CR-034	Drug_118	0.9464	0.0228	0.928	0	12
Uno	CR-034	Drug_554	0.6676	0.0706	0.639	0	12
Uno	CR-034	Drug_557	0.9153	0.0202	0.811	0	12
Uno	CR-034	Drug_246	0.9281	0.0207	0.882	0	12
Uno	CR-034	Drug_495	0.8334	0.0439	0.777	0	12
Uno	CR-034	Drug_1472	0.3871	0.0345	0.318	0	12
Uno	CR-034	Drug_614	0.8126	0.042	0.819	0	12
Uno	CR-034	Drug_1127	0.4686	0.0626	0.5	0	12
Uno	CR-034	Drug_293	0.9756	0.0236	0.989	0	12
Uno	CR-034	Drug_601	0.9572	0.0175	0.988	0	12
Uno	CR-034	JNK-IN-8	0.8902	0.0274	0.819	0	12
Uno	CR-034	Drug_883	0.8963	0.0187	0.75	0	12
Uno	CR-034	Drug_908	0.5649	0.0673	0.799	0	12
Uno	CR-034	Drug_384	0.8124	0.0612	0.734	0	12
Uno	CR-034	Drug_731	0.9461	0.0185	0.986	0	12
Uno	CR-034	Drug_237	0.8705	0.0328	0.838	0	12
Uno	CR-034	Drug_194	0.3624	0.0473	0.528	0	12
Uno	CR-034	Drug_988	0.3525	0.051	0.192	0	12
Uno	CR-034	Drug_721	0.9376	0.0234	0.896	0	12
Uno	CR-034	Drug_572	0.6776	0.0353	0.616	0	12
Uno	CR-034	Drug_1078	0.7009	0.0488	0.418	0	12
Uno	CR-034	Drug_984	0.7047	0.0904	0.69	0	12
Uno	CR-034	Drug_1220	0.9264	0.0236	0.883	0	12
Uno	CR-034	Drug_538	0.7697	0.0526	0.775	0	12
Uno	HN-044	Drug_201	0.8003	0.0284	0.755	0	12
Uno	HN-044	Drug_1105	0.347	0.0517	0.621	0	12
Uno	HN-044	Drug_554	0.6549	0.0516	0.896	0	12
Uno	HN-044	Drug_953	0.8688	0.0397	1	0	12
Uno	HN-044	Drug_967	0.8494	0.0258	0.837	0	12
Uno	HN-044	Drug_533	0.9119	0.0197	0.927	0	12
Uno	HN-044	Drug_1472	0.3819	0.0646	0.717	0	12
Uno	HN-044	Drug_246	0.9089	0.0179	0.966	0	12
Uno	HN-044	Drug_1127	0.3714	0.0392	0.561	0	12
Uno	HN-044	Drug_614	0.6419	0.0642	0.776	0	12
Uno	HN-044	Drug_42	0.919	0.0316	0.925	0	12
Uno	HN-044	Drug_293	0.9606	0.0145	0.999	0	12
Uno	HN-044	Drug_237	0.8064	0.0363	0.984	0	12
Uno	HN-044	JNK-IN-8	0.8653	0.0343	0.908	0	12
Uno	HN-044	Drug_384	0.8066	0.0459	0.815	0	12
Uno	HN-044	Drug_908	0.4395	0.0606	0.688	0	12
Uno	HN-044	Drug_720	0.9555	0.0156	0.974	0	12
Uno	HN-044	Drug_859	0.9416	0.0128	0.95	0	12
Uno	HN-044	Drug_988	0.3546	0.0275	0.356	0	12
Uno	HN-044	Drug_572	0.6499	0.039	0.903	0	12
Uno	HN-044	Drug_1078	0.5106	0.0531	0.562	0	12
Uno	HN-044	Drug_194	0.3073	0.0516	0.376	0	12
Uno	HN-044	Drug_1220	0.8908	0.0308	0.858	0	12
Uno	HN-044	Drug_728	0.6037	0.0351	0.614	0	12
Uno	HN-044	Drug_538	0.7124	0.0409	0.944	0	12
Uno	HN-044	Drug_984	0.7675	0.0589	0.752	0	12
Uno	HN-044	Drug_1168	0.783	0.0327	0.856	0	12
Uno	CR-010	Drug_601	0.9761	0.0148	0.873	0	12
Uno	CR-010	Drug_293	0.9797	0.0167	0.919	0	12
Uno	CR-010	Drug_237	0.9328	0.0165	0.898	0	12
Uno	CR-010	Drug_883	0.9359	0.0209	0.854	0	12
Uno	CR-010	JNK-IN-8	0.9184	0.0257	0.848	0	12
Uno	CR-010	Drug_908	0.6302	0.1204	0.738	0	12
Uno	CR-010	Drug_384	0.8437	0.0653	0.868	0	12
Uno	CR-010	Drug_731	0.9676	0.0169	0.982	0	12
Uno	CR-010	Drug_572	0.7348	0.0289	0.576	0	12
Uno	CR-010	Drug_988	0.4111	0.0653	0.252	0	12
Uno	CR-010	Drug_721	0.9636	0.0161	0.956	0	12
Uno	CR-010	Drug_1078	0.7986	0.0576	0.467	0	12
Uno	CR-010	Drug_194	0.4811	0.0822	0.608	0	12
Uno	CR-010	Drug_538	0.8655	0.0442	0.82	0	12
Uno	CR-010	Drug_1220	0.9445	0.0142	0.95	0	12
Uno	CR-010	Drug_984	0.7785	0.0722	0.867	0	12
Uno	CR-010	Drug_1327	0.5821	0.0288	0.543	0	12
Uno	CR-010	Drug_201	0.824	0.027	0.855	0	12
Uno	CR-010	Drug_865	0.7558	0.0588	0.697	0	12
Uno	CR-010	Drug_554	0.7269	0.0515	0.777	0	12
Uno	CR-010	Drug_118	0.9606	0.0167	0.884	0	12
Uno	CR-010	Drug_495	0.8947	0.0316	0.804	0	12
Uno	CR-010	Drug_1472	0.4692	0.0925	0.272	0	12
Uno	CR-010	Drug_246	0.9673	0.0136	0.94	0	12
Uno	CR-010	Drug_557	0.9284	0.0128	0.957	0	12
Uno	CR-010	Drug_1127	0.5444	0.1043	0.397	0	12
Uno	CR-010	Drug_614	0.8304	0.084	0.703	0	12
Uno	CR-007	Drug_237	0.8818	0.0383	0.918	0	12
Uno	CR-007	Drug_731	0.9485	0.0122	0.915	0	12
Uno	CR-007	JNK-IN-8	0.8702	0.0233	0.96	0	12
Uno	CR-007	Drug_908	0.702	0.074	0.709	0	12
Uno	CR-007	Drug_883	0.9111	0.0218	0.866	0	12
Uno	CR-007	Drug_384	0.777	0.048	0.748	0	12
Uno	CR-007	Drug_601	0.9472	0.0133	0.993	0	12
Uno	CR-007	Drug_293	0.9434	0.0482	0.996	0	12
Uno	CR-007	Drug_1220	0.9091	0.0326	0.918	0	12
Uno	CR-007	Drug_538	0.7948	0.043	0.925	0	12
Uno	CR-007	Drug_984	0.675	0.0863	0.831	0	12
Uno	CR-007	Drug_988	0.3812	0.0502	0.343	0	12
Uno	CR-007	Drug_721	0.956	0.0145	0.999	0	12
Uno	CR-007	Drug_1078	0.6999	0.0359	0.631	0	12
Uno	CR-007	Drug_572	0.7122	0.0302	0.714	0	12
Uno	CR-007	Drug_194	0.4855	0.0744	0.498	0	12
Uno	CR-007	Drug_554	0.6485	0.0617	0.754	0	12
Uno	CR-007	Drug_118	0.9448	0.0298	0.989	0	12
Uno	CR-007	Drug_1327	0.6369	0.033	0.467	0	12
Uno	CR-007	Drug_201	0.7875	0.0189	0.839	0	12
Uno	CR-007	Drug_865	0.7556	0.0412	0.831	0	12
Uno	CR-007	Drug_1127	0.4729	0.0459	0.672	0	12
Uno	CR-007	Drug_614	0.8087	0.0555	0.72	0	12
Uno	CR-007	Drug_495	0.8289	0.0339	0.886	0	12
Uno	CR-007	Drug_1472	0.4001	0.0487	0.496	0	12
Uno	CR-007	Drug_557	0.921	0.0157	0.901	0	12
Uno	CR-007	Drug_246	0.9332	0.0201	0.975	0	12
Uno	HN-052	Drug_42	0.9424	0.0208	0.882	0	12
Uno	HN-052	Drug_293	0.9655	0.0215	0.909	0	12
Uno	HN-052	Drug_237	0.9112	0.0185	0.965	0	12
Uno	HN-052	JNK-IN-8	0.9122	0.0246	0.824	0	12
Uno	HN-052	Drug_384	0.7805	0.0277	0.743	0	12
Uno	HN-052	Drug_908	0.6488	0.0988	0.537	0	12
Uno	HN-052	Drug_720	0.9637	0.0139	0.919	0	12
Uno	HN-052	Drug_859	0.9592	0.0075	0.944	0	12
Uno	HN-052	Drug_1078	0.6274	0.0493	0.62	0	12
Uno	HN-052	Drug_988	0.4423	0.0355	0.369	0	12
Uno	HN-052	Drug_572	0.7678	0.0536	0.651	0	12
Uno	HN-052	Drug_194	0.4953	0.067	0.332	0	12
Uno	HN-052	Drug_538	0.859	0.0188	0.756	0	12
Uno	HN-052	Drug_728	0.653	0.022	0.649	0	12
Uno	HN-052	Drug_1220	0.8837	0.0494	0.885	0	12
Uno	HN-052	Drug_1168	0.8819	0.0419	0.771	0	12
Uno	HN-052	Drug_984	0.8317	0.0258	0.784	0	12
Uno	HN-052	Drug_1105	0.6934	0.1116	0.215	0	12
Uno	HN-052	Drug_201	0.8157	0.0282	0.773	0	12
Uno	HN-052	Drug_554	0.8051	0.0496	0.535	0	12
Uno	HN-052	Drug_953	0.927	0.0134	0.958	0	12
Uno	HN-052	Drug_533	0.9319	0.018	0.937	0	12
Uno	HN-052	Drug_967	0.875	0.0334	0.857	0	12
Uno	HN-052	Drug_1472	0.6358	0.0556	0.439	0	12
Uno	HN-052	Drug_246	0.9422	0.011	0.832	0	12
Uno	HN-052	Drug_1127	0.6582	0.0604	0.219	0	12
Uno	HN-052	Drug_614	0.7385	0.0528	0.754	0	12
Uno	CO-049	Drug_1220	0.934	0.0191	1	0	12
Uno	CO-049	Drug_538	0.832	0.0773	0.788	0	12
Uno	CO-049	Drug_984	0.7064	0.098	0.174	0	12
Uno	CO-049	Drug_721	0.9526	0.0142	1	0	12
Uno	CO-049	Drug_988	0.353	0.0303	0.354	0	12
Uno	CO-049	Drug_572	0.7115	0.0405	0.727	0	12
Uno	CO-049	Drug_1078	0.7189	0.0522	0.986	0	12
Uno	CO-049	Drug_194	0.3677	0.047	0.453	0	12
Uno	CO-049	Drug_237	0.9151	0.0218	1	0	12
Uno	CO-049	JNK-IN-8	0.8862	0.0184	0.868	0	12
Uno	CO-049	Drug_883	0.9212	0.0219	1	0	12
Uno	CO-049	Drug_908	0.6128	0.1351	0.717	0	12
Uno	CO-049	Drug_731	0.9613	0.0105	0.978	0	12
Uno	CO-049	Drug_384	0.7562	0.0703	0.978	0	12
Uno	CO-049	Drug_601	0.953	0.0131	0.888	0	12
Uno	CO-049	Drug_293	0.9808	0.0184	1	0	12
Uno	CO-049	Drug_1127	0.4495	0.0575	0.283	0	12
Uno	CO-049	Drug_614	0.6758	0.1007	0.837	0	12
Uno	CO-049	Drug_1472	0.3795	0.0743	0.354	0	12
Uno	CO-049	Drug_495	0.8688	0.0288	0.807	0	12
Uno	CO-049	Drug_557	0.9382	0.0205	0.843	0	12
Uno	CO-049	Drug_246	0.9554	0.0143	0.994	0	12
Uno	CO-049	Drug_554	0.6892	0.0409	0.644	0	12
Uno	CO-049	Drug_118	0.9439	0.0299	1	0	12
Uno	CO-049	Drug_1327	0.576	0.0284	0.684	0	12
Uno	CO-049	Drug_865	0.7513	0.0609	0.751	0	12
Uno	CO-049	Drug_201	0.8326	0.0319	0.819	0	12
Uno	HN-051	Drug_194	0.3708	0.0649	0.345	0	12
Uno	HN-051	Drug_988	0.3986	0.048	0.462	0	12
Uno	HN-051	Drug_572	0.7069	0.0285	0.666	0	12
Uno	HN-051	Drug_1078	0.6516	0.0673	0.652	0	12
Uno	HN-051	Drug_984	0.7935	0.0403	0.633	0	12
Uno	HN-051	Drug_1168	0.8715	0.0266	0.738	0	12
Uno	HN-051	Drug_728	0.6242	0.0192	0.837	0	12
Uno	HN-051	Drug_538	0.8144	0.0387	0.531	0	12
Uno	HN-051	Drug_1220	0.9245	0.0229	0.887	0	12
Uno	HN-051	Drug_42	0.945	0.0175	0.894	0	12
Uno	HN-051	Drug_293	0.9732	0.0324	0.933	0	12
Uno	HN-051	Drug_720	0.9658	0.014	0.947	0	12
Uno	HN-051	Drug_859	0.9532	0.0129	0.994	0	12
Uno	HN-051	JNK-IN-8	0.888	0.0224	0.986	0	12
Uno	HN-051	Drug_908	0.523	0.0751	0.29	0	12
Uno	HN-051	Drug_384	0.8384	0.0359	0.997	0	12
Uno	HN-051	Drug_237	0.8927	0.0201	0.842	0	12
Uno	HN-051	Drug_246	0.9558	0.0164	0.816	0	12
Uno	HN-051	Drug_1472	0.4341	0.0914	0.549	0	12
Uno	HN-051	Drug_614	0.7234	0.0562	0.7	0	12
Uno	HN-051	Drug_1127	0.4875	0.0994	0.523	0	12
Uno	HN-051	Drug_201	0.8199	0.0181	0.872	0	12
Uno	HN-051	Drug_1105	0.4992	0.1543	0.5	0	12
Uno	HN-051	Drug_967	0.8653	0.0157	0.848	0	12
Uno	HN-051	Drug_533	0.9361	0.0161	0.882	0	12
Uno	HN-051	Drug_953	0.9107	0.0258	0.92	0	12
Uno	HN-051	Drug_554	0.7169	0.0438	0.742	0	12
Uno	HN-045	Drug_953	0.8959	0.0191	0.896	0	12
Uno	HN-045	Drug_533	0.8945	0.0236	0.925	0	12
Uno	HN-045	Drug_967	0.826	0.0459	0.927	0	12
Uno	HN-045	Drug_554	0.6958	0.0594	0.839	0	12
Uno	HN-045	Drug_201	0.7959	0.0432	0.82	0	12
Uno	HN-045	Drug_1105	0.3892	0.0529	0.828	0	12
Uno	HN-045	Drug_614	0.6405	0.0567	0.827	0	12
Uno	HN-045	Drug_1127	0.3755	0.0346	0.758	0	12
Uno	HN-045	Drug_246	0.9233	0.0312	0.98	0	12
Uno	HN-045	Drug_1472	0.3871	0.0713	0.601	0	12
Uno	HN-045	JNK-IN-8	0.861	0.0328	0.882	0	12
Uno	HN-045	Drug_384	0.7619	0.0314	0.954	0	12
Uno	HN-045	Drug_908	0.5619	0.0743	0.593	0	12
Uno	HN-045	Drug_859	0.9408	0.0091	0.985	0	12
Uno	HN-045	Drug_720	0.9443	0.0138	0.957	0	12
Uno	HN-045	Drug_237	0.7662	0.0586	0.951	0	12
Uno	HN-045	Drug_42	0.9216	0.0449	0.93	0	12
Uno	HN-045	Drug_293	0.9538	0.061	0.982	0	12
Uno	HN-045	Drug_1168	0.7857	0.0402	0.922	0	12
Uno	HN-045	Drug_984	0.5506	0.1248	0.849	0	12
Uno	HN-045	Drug_538	0.7106	0.0583	0.863	0	12
Uno	HN-045	Drug_728	0.5935	0.0423	0.778	0	12
Uno	HN-045	Drug_1220	0.8154	0.0666	0.943	0	12
Uno	HN-045	Drug_194	0.4369	0.0735	0.65	0	12
Uno	HN-045	Drug_1078	0.5201	0.0941	0.764	0	12
Uno	HN-045	Drug_988	0.3724	0.0417	0.682	0	12
Uno	HN-045	Drug_572	0.639	0.0549	0.821	0	12
Uno	CO-006	Drug_1220	0.9288	0.0306	0.997	0	12
Uno	CO-006	Drug_538	0.8948	0.0364	0.928	0	12
Uno	CO-006	Drug_984	0.8094	0.0624	0.826	0	12
Uno	CO-006	Drug_572	0.8249	0.0601	0.754	0	12
Uno	CO-006	Drug_988	0.4798	0.0843	0.706	0	12
Uno	CO-006	Drug_721	0.9508	0.0176	1	0	12
Uno	CO-006	Drug_1078	0.7322	0.0706	0.949	0	12
Uno	CO-006	Drug_194	0.5785	0.091	0.656	0	12
Uno	CO-006	Drug_237	0.9355	0.0198	1	0	12
Uno	CO-006	Drug_908	0.6856	0.1016	1	0	12
Uno	CO-006	JNK-IN-8	0.9061	0.022	0.971	0	12
Uno	CO-006	Drug_883	0.913	0.0638	0.999	0	12
Uno	CO-006	Drug_731	0.9533	0.0113	0.956	0	12
Uno	CO-006	Drug_384	0.7924	0.0715	0.738	0	12
Uno	CO-006	Drug_601	0.9545	0.0178	1	0	12
Uno	CO-006	Drug_293	0.9585	0.0236	1	0	12
Uno	CO-006	Drug_1127	0.7827	0.0662	1	0	12
Uno	CO-006	Drug_614	0.7962	0.0627	1	0	12
Uno	CO-006	Drug_1472	0.6601	0.0623	0.995	0	12
Uno	CO-006	Drug_495	0.8986	0.0418	1	0	12
Uno	CO-006	Drug_557	0.9326	0.0159	0.978	0	12
Uno	CO-006	Drug_246	0.9584	0.0118	1	0	12
Uno	CO-006	Drug_554	0.857	0.0481	0.961	0	12
Uno	CO-006	Drug_118	0.9607	0.0315	1	0	12
Uno	CO-006	Drug_1327	0.5869	0.0416	0.738	0	12
Uno	CO-006	Drug_865	0.7799	0.0715	0.912	0	12
Uno	CO-006	Drug_201	0.8793	0.0524	0.882	0	12
Uno	HN-252	Drug_194	0.3789	0.0662	0.609	0	12
Uno	HN-252	Drug_1078	0.6207	0.0744	0.864	0	12
Uno	HN-252	Drug_988	0.3998	0.0481	0.907	0	12
Uno	HN-252	Drug_572	0.6912	0.0504	0.896	0	12
Uno	HN-252	Drug_1168	0.8449	0.0318	0.772	0	12
Uno	HN-252	Drug_984	0.7993	0.0607	0.802	0	12
Uno	HN-252	Drug_728	0.6424	0.0357	0.956	0	12
Uno	HN-252	Drug_1220	0.9181	0.0171	0.945	0	12
Uno	HN-252	Drug_538	0.7347	0.0732	0.643	0	12
Uno	HN-252	Drug_42	0.9277	0.0343	0.907	0	12
Uno	HN-252	Drug_293	0.9699	0.0112	0.976	0	12
Uno	HN-252	JNK-IN-8	0.8866	0.0282	0.952	0	12
Uno	HN-252	Drug_384	0.8614	0.0494	0.749	0	12
Uno	HN-252	Drug_908	0.4635	0.0466	0.631	0	12
Uno	HN-252	Drug_859	0.9492	0.0147	0.993	0	12
Uno	HN-252	Drug_720	0.9508	0.0111	0.909	0	12
Uno	HN-252	Drug_237	0.8442	0.0377	0.805	0	12
Uno	HN-252	Drug_246	0.9236	0.015	0.999	0	12
Uno	HN-252	Drug_1472	0.4349	0.0926	0.682	0	12
Uno	HN-252	Drug_614	0.7515	0.0495	0.716	0	12
Uno	HN-252	Drug_1127	0.4284	0.0708	0.772	0	12
Uno	HN-252	Drug_201	0.8032	0.0231	1	0	12
Uno	HN-252	Drug_1105	0.4406	0.0551	0.789	0	12
Uno	HN-252	Drug_953	0.8704	0.0346	0.918	0	12
Uno	HN-252	Drug_533	0.91	0.024	0.937	0	12
Uno	HN-252	Drug_967	0.8518	0.0346	1	0	12
Uno	HN-252	Drug_554	0.6904	0.0872	0.878	0	12
Uno	HN-179	Drug_554	0.7682	0.0483	0.776	0	12
Uno	HN-179	Drug_953	0.9254	0.0151	0.952	0	12
Uno	HN-179	Drug_967	0.8758	0.0259	0.898	0	12
Uno	HN-179	Drug_533	0.9239	0.0147	0.984	0	12
Uno	HN-179	Drug_201	0.8354	0.0195	0.867	0	12
Uno	HN-179	Drug_1105	0.5129	0.0729	0.559	0	12
Uno	HN-179	Drug_1127	0.5753	0.1012	0.548	0	12
Uno	HN-179	Drug_614	0.7168	0.0313	0.46	0	12
Uno	HN-179	Drug_1472	0.5463	0.0869	0.543	0	12
Uno	HN-179	Drug_246	0.9409	0.0149	1	0	12
Uno	HN-179	Drug_237	0.8908	0.0205	0.936	0	12
Uno	HN-179	JNK-IN-8	0.8912	0.0314	0.999	0	12
Uno	HN-179	Drug_908	0.5911	0.0827	0.382	0	12
Uno	HN-179	Drug_384	0.832	0.0387	0.644	0	12
Uno	HN-179	Drug_720	0.9633	0.0127	0.975	0	12
Uno	HN-179	Drug_859	0.9596	0.0069	0.967	0	12
Uno	HN-179	Drug_42	0.9376	0.0123	0.942	0	12
Uno	HN-179	Drug_293	0.9728	0.0309	0.999	0	12
Uno	HN-179	Drug_538	0.8332	0.0459	0.954	0	12
Uno	HN-179	Drug_728	0.6461	0.0369	0.615	0	12
Uno	HN-179	Drug_1220	0.9066	0.0364	0.943	0	12
Uno	HN-179	Drug_984	0.8165	0.0379	0.947	0	12
Uno	HN-179	Drug_1168	0.8466	0.0357	0.77	0	12
Uno	HN-179	Drug_988	0.4189	0.0376	0.441	0	12
Uno	HN-179	Drug_572	0.7604	0.0472	0.759	0	12
Uno	HN-179	Drug_1078	0.6024	0.0706	0.595	0	12
Uno	HN-179	Drug_194	0.46	0.0624	0.345	0	12
Uno	HN-069	Drug_246	0.9273	0.0162	0.987	0	12
Uno	HN-069	Drug_1472	0.4577	0.0765	0.775	0	12
Uno	HN-069	Drug_614	0.5958	0.0286	0.671	0	12
Uno	HN-069	Drug_1127	0.4385	0.061	0.912	0	12
Uno	HN-069	Drug_1105	0.4413	0.077	0.931	0	12
Uno	HN-069	Drug_201	0.8041	0.026	0.83	0	12
Uno	HN-069	Drug_953	0.9086	0.0306	0.994	0	12
Uno	HN-069	Drug_533	0.9255	0.0161	0.914	0	12
Uno	HN-069	Drug_967	0.8738	0.0238	0.822	0	12
Uno	HN-069	Drug_554	0.7199	0.0411	0.886	0	12
Uno	HN-069	Drug_194	0.3719	0.0428	0.643	0	12
Uno	HN-069	Drug_572	0.7019	0.0313	0.922	0	12
Uno	HN-069	Drug_988	0.3832	0.0223	0.287	0	12
Uno	HN-069	Drug_1078	0.5598	0.0408	0.407	0	12
Uno	HN-069	Drug_984	0.8189	0.0475	0.77	0	12
Uno	HN-069	Drug_1168	0.8509	0.0506	0.76	0	12
Uno	HN-069	Drug_728	0.603	0.0278	0.655	0	12
Uno	HN-069	Drug_538	0.7677	0.069	0.835	0	12
Uno	HN-069	Drug_1220	0.8769	0.0493	0.832	0	12
Uno	HN-069	Drug_293	0.9834	0.026	0.99	0	12
Uno	HN-069	Drug_42	0.9177	0.026	0.996	0	12
Uno	HN-069	Drug_384	0.7419	0.0373	0.875	0	12
Uno	HN-069	JNK-IN-8	0.8812	0.0296	0.915	0	12
Uno	HN-069	Drug_908	0.4868	0.0722	0.857	0	12
Uno	HN-069	Drug_859	0.9545	0.0118	0.996	0	12
Uno	HN-069	Drug_720	0.9554	0.0132	1	0	12
Uno	HN-069	Drug_237	0.8462	0.0536	0.876	0	12
Uno	HN-064	Drug_1168	0.8663	0.0339	0.82	0	12
Uno	HN-064	Drug_984	0.7976	0.0598	0.84	0	12
Uno	HN-064	Drug_728	0.6296	0.0321	0.643	0	12
Uno	HN-064	Drug_538	0.8423	0.0319	0.871	0	12
Uno	HN-064	Drug_1220	0.8765	0.0406	0.867	0	12
Uno	HN-064	Drug_194	0.4932	0.0541	0.627	0	12
Uno	HN-064	Drug_572	0.7233	0.0298	0.82	0	12
Uno	HN-064	Drug_988	0.4147	0.0418	0.505	0	12
Uno	HN-064	Drug_1078	0.5481	0.0711	0.621	0	12
Uno	HN-064	Drug_859	0.9636	0.0097	0.995	0	12
Uno	HN-064	Drug_720	0.9671	0.0108	0.972	0	12
Uno	HN-064	JNK-IN-8	0.8979	0.0221	0.814	0	12
Uno	HN-064	Drug_908	0.6945	0.0909	0.567	0	12
Uno	HN-064	Drug_384	0.768	0.0511	0.703	0	12
Uno	HN-064	Drug_237	0.8966	0.0319	0.925	0	12
Uno	HN-064	Drug_293	0.9598	0.0292	0.976	0	12
Uno	HN-064	Drug_42	0.9449	0.0235	0.906	0	12
Uno	HN-064	Drug_614	0.7299	0.0452	0.762	0	12
Uno	HN-064	Drug_1127	0.5192	0.0832	0.787	0	12
Uno	HN-064	Drug_246	0.9472	0.0136	1	0	12
Uno	HN-064	Drug_1472	0.5498	0.0438	0.368	0	12
Uno	HN-064	Drug_967	0.8751	0.0233	0.848	0	12
Uno	HN-064	Drug_533	0.9261	0.0139	0.945	0	12
Uno	HN-064	Drug_953	0.9322	0.0206	0.975	0	12
Uno	HN-064	Drug_554	0.7677	0.0417	0.942	0	12
Uno	HN-064	Drug_201	0.8126	0.0274	0.824	0	12
Uno	HN-064	Drug_1105	0.508	0.0887	0.959	0	12
Uno	HN-237	Drug_554	0.6903	0.0274	0.644	0	12
Uno	HN-237	Drug_967	0.8382	0.0397	0.969	0	12
Uno	HN-237	Drug_533	0.9189	0.0166	0.792	0	12
Uno	HN-237	Drug_953	0.8856	0.0471	0.921	0	12
Uno	HN-237	Drug_1105	0.4642	0.0759	0.396	0	12
Uno	HN-237	Drug_201	0.8096	0.0347	0.763	0	12
Uno	HN-237	Drug_1127	0.4869	0.0702	0.375	0	12
Uno	HN-237	Drug_614	0.6552	0.053	0.778	0	12
Uno	HN-237	Drug_1472	0.419	0.0953	0.569	0	12
Uno	HN-237	Drug_246	0.9307	0.0184	0.923	0	12
Uno	HN-237	Drug_237	0.8346	0.0334	0.823	0	12
Uno	HN-237	Drug_720	0.9551	0.0188	0.816	0	12
Uno	HN-237	Drug_859	0.9559	0.0162	0.966	0	12
Uno	HN-237	JNK-IN-8	0.8999	0.028	0.817	0	12
Uno	HN-237	Drug_908	0.4952	0.0709	0.576	0	12
Uno	HN-237	Drug_384	0.8108	0.0488	0.837	0	12
Uno	HN-237	Drug_42	0.9351	0.0202	0.818	0	12
Uno	HN-237	Drug_293	0.9599	0.0198	0.981	0	12
Uno	HN-237	Drug_1220	0.8756	0.0362	0.88	0	12
Uno	HN-237	Drug_728	0.6108	0.031	0.575	0	12
Uno	HN-237	Drug_538	0.7318	0.0641	0.745	0	12
Uno	HN-237	Drug_984	0.8092	0.031	0.806	0	12
Uno	HN-237	Drug_1168	0.8279	0.0412	0.762	0	12
Uno	HN-237	Drug_988	0.4022	0.032	0.335	0	12
Uno	HN-237	Drug_1078	0.5698	0.0708	0.532	0	12
Uno	HN-237	Drug_572	0.6776	0.0553	0.733	0	12
Uno	HN-237	Drug_194	0.3947	0.0662	0.366	0	12
Uno	CO-153	Drug_601	0.9576	0.0191	0.996	0	12
Uno	CO-153	Drug_293	0.9767	0.0262	0.999	0	12
Uno	CO-153	Drug_237	0.9287	0.0165	0.945	0	12
Uno	CO-153	JNK-IN-8	0.9093	0.0171	0.932	0	12
Uno	CO-153	Drug_908	0.54	0.1147	0.624	0	12
Uno	CO-153	Drug_883	0.9199	0.0237	0.941	0	12
Uno	CO-153	Drug_731	0.9595	0.0183	0.988	0	12
Uno	CO-153	Drug_384	0.8824	0.0354	0.627	0	12
Uno	CO-153	Drug_1078	0.784	0.0875	0.849	0	12
Uno	CO-153	Drug_988	0.3962	0.0506	0.57	0	12
Uno	CO-153	Drug_721	0.9521	0.0203	0.999	0	12
Uno	CO-153	Drug_572	0.7045	0.0274	0.857	0	12
Uno	CO-153	Drug_194	0.4002	0.0577	0.752	0	12
Uno	CO-153	Drug_538	0.8468	0.0454	0.986	0	12
Uno	CO-153	Drug_1220	0.9349	0.0156	0.93	0	12
Uno	CO-153	Drug_984	0.7854	0.0416	0.839	0	12
Uno	CO-153	Drug_1327	0.5936	0.0392	0.558	0	12
Uno	CO-153	Drug_201	0.8371	0.0304	0.886	0	12
Uno	CO-153	Drug_865	0.7108	0.0493	0.723	0	12
Uno	CO-153	Drug_554	0.7203	0.0393	0.821	0	12
Uno	CO-153	Drug_118	0.9596	0.0248	1	0	12
Uno	CO-153	Drug_495	0.879	0.0249	0.796	0	12
Uno	CO-153	Drug_1472	0.4522	0.0617	0.59	0	12
Uno	CO-153	Drug_557	0.9391	0.0152	0.924	0	12
Uno	CO-153	Drug_246	0.9544	0.0151	0.991	0	12
Uno	CO-153	Drug_1127	0.4856	0.0586	0.726	0	12
Uno	CO-153	Drug_614	0.8042	0.0655	0.866	0	12
Uno	CO-066	Drug_721	0.9611	0.019	0.99	0	12
Uno	CO-066	Drug_988	0.4708	0.0511	0.333	0	12
Uno	CO-066	Drug_1078	0.8007	0.0616	0.904	0	12
Uno	CO-066	Drug_572	0.7996	0.0482	0.801	0	12
Uno	CO-066	Drug_194	0.5644	0.0714	0.328	0	12
Uno	CO-066	Drug_538	0.8971	0.019	0.892	0	12
Uno	CO-066	Drug_1220	0.9388	0.0289	0.97	0	12
Uno	CO-066	Drug_984	0.7834	0.0652	0.333	0	12
Uno	CO-066	Drug_601	0.9611	0.0109	0.938	0	12
Uno	CO-066	Drug_293	0.98	0.0197	0.944	0	12
Uno	CO-066	Drug_237	0.9449	0.0176	0.945	0	12
Uno	CO-066	JNK-IN-8	0.9178	0.0139	0.878	0	12
Uno	CO-066	Drug_908	0.7986	0.0656	0.814	0	12
Uno	CO-066	Drug_883	0.9413	0.0132	0.978	0	12
Uno	CO-066	Drug_731	0.9616	0.0175	1	0	12
Uno	CO-066	Drug_384	0.7241	0.097	0.728	0	12
Uno	CO-066	Drug_495	0.8969	0.0314	0.851	0	12
Uno	CO-066	Drug_1472	0.6899	0.1129	0.342	0	12
Uno	CO-066	Drug_557	0.9409	0.014	0.841	0	12
Uno	CO-066	Drug_246	0.9598	0.0166	0.939	0	12
Uno	CO-066	Drug_1127	0.647	0.1082	0.217	0	12
Uno	CO-066	Drug_614	0.866	0.0515	0.417	0	12
Uno	CO-066	Drug_1327	0.6098	0.043	0.708	0	12
Uno	CO-066	Drug_201	0.8523	0.0389	0.88	0	12
Uno	CO-066	Drug_865	0.811	0.0613	0.709	0	12
Uno	CO-066	Drug_554	0.8132	0.0614	0.46	0	12
Uno	CO-066	Drug_118	0.9552	0.0473	0.968	0	12
Uno	CO-174	Drug_293	0.9727	0.022	0.988	0	12
Uno	CO-174	Drug_601	0.9585	0.0134	0.985	0	12
Uno	CO-174	JNK-IN-8	0.8943	0.0316	0.81	0	12
Uno	CO-174	Drug_883	0.929	0.0212	0.937	0	12
Uno	CO-174	Drug_908	0.6789	0.0873	0.629	0	12
Uno	CO-174	Drug_731	0.9556	0.0133	0.981	0	12
Uno	CO-174	Drug_384	0.8551	0.0278	0.853	0	12
Uno	CO-174	Drug_237	0.9157	0.0187	0.89	0	12
Uno	CO-174	Drug_194	0.4622	0.0642	0.44	0	12
Uno	CO-174	Drug_721	0.9584	0.017	1	0	12
Uno	CO-174	Drug_988	0.3692	0.0396	0.345	0	12
Uno	CO-174	Drug_1078	0.7356	0.087	0.67	0	12
Uno	CO-174	Drug_572	0.7121	0.0341	0.749	0	12
Uno	CO-174	Drug_984	0.6951	0.1136	0.549	0	12
Uno	CO-174	Drug_538	0.8418	0.0296	0.659	0	12
Uno	CO-174	Drug_1220	0.9376	0.0126	0.873	0	12
Uno	CO-174	Drug_201	0.8231	0.0311	0.844	0	12
Uno	CO-174	Drug_865	0.775	0.0439	0.87	0	12
Uno	CO-174	Drug_1327	0.5778	0.0342	0.602	0	12
Uno	CO-174	Drug_118	0.9519	0.014	1	0	12
Uno	CO-174	Drug_554	0.6988	0.0753	0.643	0	12
Uno	CO-174	Drug_246	0.9509	0.0121	0.998	0	12
Uno	CO-174	Drug_557	0.9224	0.0116	0.923	0	12
Uno	CO-174	Drug_495	0.8735	0.0223	0.804	0	12
Uno	CO-174	Drug_1472	0.3952	0.0374	0.298	0	12
Uno	CO-174	Drug_614	0.8413	0.0645	0.975	0	12
Uno	CO-174	Drug_1127	0.4642	0.1128	0.422	0	12
Uno	CO-120	Drug_1127	0.7983	0.0897	0.836	0	12
Uno	CO-120	Drug_614	0.8548	0.0325	0.857	0	12
Uno	CO-120	Drug_1472	0.6136	0.0729	0.773	0	12
Uno	CO-120	Drug_495	0.9076	0.0237	0.975	0	12
Uno	CO-120	Drug_246	0.9622	0.0172	0.972	0	12
Uno	CO-120	Drug_557	0.9473	0.0119	0.942	0	12
Uno	CO-120	Drug_554	0.8181	0.0504	0.861	0	12
Uno	CO-120	Drug_118	0.9694	0.0191	0.987	0	12
Uno	CO-120	Drug_1327	0.6032	0.0294	0.614	0	12
Uno	CO-120	Drug_865	0.8416	0.0325	0.834	0	12
Uno	CO-120	Drug_201	0.8505	0.0321	0.881	0	12
Uno	CO-120	Drug_1220	0.9342	0.0183	0.95	0	12
Uno	CO-120	Drug_538	0.9162	0.0176	0.941	0	12
Uno	CO-120	Drug_984	0.8208	0.0479	0.863	0	12
Uno	CO-120	Drug_988	0.5172	0.0648	0.511	0	12
Uno	CO-120	Drug_721	0.9719	0.0132	1	0	12
Uno	CO-120	Drug_1078	0.8134	0.0559	0.73	0	12
Uno	CO-120	Drug_572	0.836	0.0392	0.83	0	12
Uno	CO-120	Drug_194	0.6078	0.0631	0.794	0	12
Uno	CO-120	Drug_237	0.9454	0.021	0.991	0	12
Uno	CO-120	JNK-IN-8	0.9085	0.018	0.906	0	12
Uno	CO-120	Drug_908	0.8398	0.0554	0.921	0	12
Uno	CO-120	Drug_731	0.9636	0.007	0.986	0	12
Uno	CO-120	Drug_883	0.9365	0.0146	1	0	12
Uno	CO-120	Drug_384	0.7135	0.07	0.728	0	12
Uno	CO-120	Drug_601	0.9656	0.015	0.971	0	12
Uno	CO-120	Drug_293	0.9631	0.0158	1	0	12
Uno	HN-067	Drug_728	0.6918	0.061	0.632	0	12
Uno	HN-067	Drug_538	0.8319	0.0301	0.523	0	12
Uno	HN-067	Drug_1220	0.9158	0.0178	0.955	0	12
Uno	HN-067	Drug_1168	0.8215	0.0365	0.867	0	12
Uno	HN-067	Drug_984	0.802	0.0434	0.922	0	12
Uno	HN-067	Drug_572	0.7449	0.029	0.568	0	12
Uno	HN-067	Drug_988	0.5069	0.1075	0.127	0	12
Uno	HN-067	Drug_1078	0.7012	0.0595	0.411	0	12
Uno	HN-067	Drug_194	0.4725	0.0881	0.289	0	12
Uno	HN-067	Drug_237	0.8995	0.0153	0.724	0	12
Uno	HN-067	JNK-IN-8	0.9008	0.0281	0.959	0	12
Uno	HN-067	Drug_384	0.8648	0.0402	0.715	0	12
Uno	HN-067	Drug_908	0.5615	0.0663	0.443	0	12
Uno	HN-067	Drug_859	0.9553	0.0065	0.917	0	12
Uno	HN-067	Drug_720	0.96	0.0152	0.864	0	12
Uno	HN-067	Drug_293	0.9746	0.0125	0.986	0	12
Uno	HN-067	Drug_42	0.9434	0.0208	0.774	0	12
Uno	HN-067	Drug_1127	0.5429	0.0981	0.355	0	12
Uno	HN-067	Drug_614	0.7653	0.0539	0.755	0	12
Uno	HN-067	Drug_1472	0.5082	0.0549	0.242	0	12
Uno	HN-067	Drug_246	0.9519	0.017	0.838	0	12
Uno	HN-067	Drug_554	0.7746	0.0502	0.568	0	12
Uno	HN-067	Drug_953	0.9281	0.0152	0.595	0	12
Uno	HN-067	Drug_533	0.9357	0.0176	0.985	0	12
Uno	HN-067	Drug_967	0.8923	0.0381	1	0	12
Uno	HN-067	Drug_201	0.828	0.0218	0.829	0	12
Uno	HN-067	Drug_1105	0.613	0.1242	0.223	0	12
Uno	HN-235	Drug_554	0.7236	0.035	0.842	0	12
Uno	HN-235	Drug_953	0.8898	0.0288	0.839	0	12
Uno	HN-235	Drug_533	0.9158	0.0211	0.734	0	12
Uno	HN-235	Drug_967	0.8385	0.0494	0.967	0	12
Uno	HN-235	Drug_201	0.8118	0.0281	0.841	0	12
Uno	HN-235	Drug_1105	0.5291	0.074	0.575	0	12
Uno	HN-235	Drug_1127	0.532	0.0943	0.515	0	12
Uno	HN-235	Drug_614	0.7346	0.0525	0.797	0	12
Uno	HN-235	Drug_1472	0.5567	0.085	0.642	0	12
Uno	HN-235	Drug_246	0.9211	0.0096	0.999	0	12
Uno	HN-235	Drug_237	0.8528	0.0347	0.811	0	12
Uno	HN-235	Drug_384	0.8446	0.0427	0.993	0	12
Uno	HN-235	JNK-IN-8	0.8907	0.029	0.73	0	12
Uno	HN-235	Drug_908	0.5694	0.0921	0.479	0	12
Uno	HN-235	Drug_859	0.9395	0.0166	0.994	0	12
Uno	HN-235	Drug_720	0.9456	0.0106	0.923	0	12
Uno	HN-235	Drug_42	0.9484	0.0158	0.897	0	12
Uno	HN-235	Drug_293	0.9472	0.024	0.828	0	12
Uno	HN-235	Drug_728	0.6203	0.0269	0.605	0	12
Uno	HN-235	Drug_538	0.802	0.0411	0.836	0	12
Uno	HN-235	Drug_1220	0.8872	0.0194	0.915	0	12
Uno	HN-235	Drug_984	0.8178	0.0498	0.902	0	12
Uno	HN-235	Drug_1168	0.8445	0.0351	0.704	0	12
Uno	HN-235	Drug_988	0.4166	0.0443	0.498	0	12
Uno	HN-235	Drug_1078	0.5539	0.1137	0.667	0	12
Uno	HN-235	Drug_572	0.7116	0.0533	0.767	0	12
Uno	HN-235	Drug_194	0.3997	0.0514	0.37	0	12
Uno	CO-017	Drug_237	0.9575	0.0146	0.994	0	12
Uno	CO-017	JNK-IN-8	0.9226	0.0147	0.993	0	12
Uno	CO-017	Drug_883	0.9481	0.0112	0.873	0	12
Uno	CO-017	Drug_908	0.8384	0.0565	0.958	0	12
Uno	CO-017	Drug_731	0.9686	0.0142	0.987	0	12
Uno	CO-017	Drug_384	0.7541	0.0745	0.475	0	12
Uno	CO-017	Drug_601	0.9663	0.0134	0.996	0	12
Uno	CO-017	Drug_293	0.9772	0.0186	0.998	0	12
Uno	CO-017	Drug_538	0.9144	0.022	0.937	0	12
Uno	CO-017	Drug_1220	0.9465	0.0251	0.929	0	12
Uno	CO-017	Drug_984	0.8143	0.0757	0.724	0	12
Uno	CO-017	Drug_721	0.9913	0.0166	1	0	12
Uno	CO-017	Drug_988	0.4906	0.1394	0.559	0	12
Uno	CO-017	Drug_572	0.7894	0.0365	0.949	0	12
Uno	CO-017	Drug_1078	0.882	0.0552	0.9	0	12
Uno	CO-017	Drug_194	0.6089	0.0757	0.601	0	12
Uno	CO-017	Drug_554	0.8215	0.0664	0.904	0	12
Uno	CO-017	Drug_118	0.9679	0.0209	1	0	12
Uno	CO-017	Drug_1327	0.6078	0.0396	0.561	0	12
Uno	CO-017	Drug_201	0.8634	0.0291	0.895	0	12
Uno	CO-017	Drug_865	0.8415	0.0602	0.781	0	12
Uno	CO-017	Drug_1127	0.6947	0.1229	0.922	0	12
Uno	CO-017	Drug_614	0.8974	0.051	0.866	0	12
Uno	CO-017	Drug_495	0.9318	0.0215	0.922	0	12
Uno	CO-017	Drug_1472	0.5754	0.0753	0.845	0	12
Uno	CO-017	Drug_246	0.9673	0.0114	1	0	12
Uno	CO-017	Drug_557	0.9524	0.0094	0.798	0	12
Uno	CO-039	Drug_984	0.6052	0.0698	0.826	0	12
Uno	CO-039	Drug_1220	0.9045	0.0251	0.927	0	12
Uno	CO-039	Drug_538	0.8016	0.0329	0.978	0	12
Uno	CO-039	Drug_194	0.4111	0.0514	0.777	0	12
Uno	CO-039	Drug_988	0.3659	0.0461	0.492	0	12
Uno	CO-039	Drug_721	0.9516	0.0109	0.986	0	12
Uno	CO-039	Drug_1078	0.7492	0.0521	0.881	0	12
Uno	CO-039	Drug_572	0.6916	0.0169	0.849	0	12
Uno	CO-039	JNK-IN-8	0.8699	0.0401	0.94	0	12
Uno	CO-039	Drug_908	0.6491	0.0704	0.731	0	12
Uno	CO-039	Drug_883	0.9149	0.0284	0.964	0	12
Uno	CO-039	Drug_731	0.9541	0.0131	0.951	0	12
Uno	CO-039	Drug_384	0.8385	0.0287	0.888	0	12
Uno	CO-039	Drug_237	0.8858	0.0296	0.959	0	12
Uno	CO-039	Drug_293	0.9556	0.0185	0.97	0	12
Uno	CO-039	Drug_601	0.9479	0.0074	0.998	0	12
Uno	CO-039	Drug_614	0.8135	0.0374	0.996	0	12
Uno	CO-039	Drug_1127	0.46	0.0529	0.734	0	12
Uno	CO-039	Drug_557	0.9112	0.0149	0.939	0	12
Uno	CO-039	Drug_246	0.9463	0.0175	0.997	0	12
Uno	CO-039	Drug_1472	0.3681	0.0468	0.692	0	12
Uno	CO-039	Drug_495	0.8249	0.0238	0.941	0	12
Uno	CO-039	Drug_118	0.951	0.0255	1	0	12
Uno	CO-039	Drug_554	0.6463	0.0433	0.791	0	12
Uno	CO-039	Drug_865	0.7178	0.0984	0.871	0	12
Uno	CO-039	Drug_201	0.7998	0.0154	0.916	0	12
Uno	CO-039	Drug_1327	0.5884	0.0362	0.483	0	12
Uno	CO-060	Drug_601	0.9642	0.0141	0.987	0	12
Uno	CO-060	Drug_293	0.9683	0.0197	0.936	0	12
Uno	CO-060	Drug_237	0.9063	0.0288	0.789	0	12
Uno	CO-060	Drug_908	0.6041	0.0781	0.874	0	12
Uno	CO-060	JNK-IN-8	0.8757	0.0267	0.874	0	12
Uno	CO-060	Drug_731	0.9445	0.0167	0.962	0	12
Uno	CO-060	Drug_883	0.882	0.079	1	0	12
Uno	CO-060	Drug_384	0.7996	0.0536	0.993	0	12
Uno	CO-060	Drug_988	0.3473	0.0285	0.271	0	12
Uno	CO-060	Drug_721	0.9512	0.0187	1	0	12
Uno	CO-060	Drug_572	0.6891	0.0199	0.611	0	12
Uno	CO-060	Drug_1078	0.7022	0.0669	0.589	0	12
Uno	CO-060	Drug_194	0.4339	0.0526	0.319	0	12
Uno	CO-060	Drug_1220	0.9293	0.0263	0.868	0	12
Uno	CO-060	Drug_538	0.7867	0.0315	0.783	0	12
Uno	CO-060	Drug_984	0.6714	0.0678	0.49	0	12
Uno	CO-060	Drug_1327	0.5734	0.0272	0.602	0	12
Uno	CO-060	Drug_865	0.7101	0.0376	0.953	0	12
Uno	CO-060	Drug_201	0.7892	0.0268	0.803	0	12
Uno	CO-060	Drug_554	0.6242	0.041	0.699	0	12
Uno	CO-060	Drug_118	0.9642	0.0265	0.97	0	12
Uno	CO-060	Drug_1472	0.3639	0.0442	0.277	0	12
Uno	CO-060	Drug_495	0.8207	0.0325	0.871	0	12
Uno	CO-060	Drug_557	0.9236	0.016	0.937	0	12
Uno	CO-060	Drug_246	0.934	0.0185	0.998	0	12
Uno	CO-060	Drug_1127	0.4823	0.0662	0.491	0	12
Uno	CO-060	Drug_614	0.8095	0.0628	0.983	0	12
Uno	CO-175	Drug_988	0.4494	0.0648	0.499	0	12
Uno	CO-175	Drug_572	0.8036	0.0434	0.767	0	12
Uno	CO-175	Drug_721	0.9693	0.0164	0.998	0	12
Uno	CO-175	Drug_1078	0.8041	0.0746	0.631	0	12
Uno	CO-175	Drug_194	0.622	0.0386	0.278	0	12
Uno	CO-175	Drug_538	0.8956	0.0273	0.891	0	12
Uno	CO-175	Drug_1220	0.9411	0.0172	0.989	0	12
Uno	CO-175	Drug_984	0.784	0.0557	0.348	0	12
Uno	CO-175	Drug_601	0.9574	0.0127	0.995	0	12
Uno	CO-175	Drug_293	0.9847	0.0313	1	0	12
Uno	CO-175	Drug_237	0.9432	0.0212	0.977	0	12
Uno	CO-175	JNK-IN-8	0.9013	0.0208	0.903	0	12
Uno	CO-175	Drug_908	0.7575	0.0764	0.906	0	12
Uno	CO-175	Drug_883	0.9392	0.0131	0.858	0	12
Uno	CO-175	Drug_384	0.7756	0.0811	0.892	0	12
Uno	CO-175	Drug_731	0.9616	0.0182	0.989	0	12
Uno	CO-175	Drug_1472	0.6055	0.1113	0.36	0	12
Uno	CO-175	Drug_495	0.8901	0.0329	0.881	0	12
Uno	CO-175	Drug_246	0.9585	0.01	1	0	12
Uno	CO-175	Drug_557	0.9445	0.0076	0.791	0	12
Uno	CO-175	Drug_1127	0.7151	0.1375	0.353	0	12
Uno	CO-175	Drug_614	0.8889	0.039	0.494	0	12
Uno	CO-175	Drug_1327	0.5614	0.0289	0.671	0	12
Uno	CO-175	Drug_865	0.7974	0.0661	0.967	0	12
Uno	CO-175	Drug_201	0.8522	0.0345	0.849	0	12
Uno	CO-175	Drug_554	0.7963	0.0515	0.741	0	12
Uno	CO-175	Drug_118	0.9776	0.0119	1	0	12
Uno	CO-034	Drug_293	0.986	0.0244	0.995	0	12
Uno	CO-034	Drug_601	0.9426	0.012	0.963	0	12
Uno	CO-034	JNK-IN-8	0.9072	0.0172	0.947	0	12
Uno	CO-034	Drug_384	0.6769	0.0595	0.696	0	12
Uno	CO-034	Drug_908	0.5912	0.0654	0.952	0	12
Uno	CO-034	Drug_883	0.9037	0.0281	0.991	0	12
Uno	CO-034	Drug_731	0.9583	0.0138	0.991	0	12
Uno	CO-034	Drug_237	0.9264	0.0288	0.995	0	12
Uno	CO-034	Drug_194	0.4684	0.0569	0.876	0	12
Uno	CO-034	Drug_572	0.751	0.0623	0.958	0	12
Uno	CO-034	Drug_988	0.3978	0.0574	0.646	0	12
Uno	CO-034	Drug_721	0.9666	0.0157	1	0	12
Uno	CO-034	Drug_1078	0.7153	0.0802	0.893	0	12
Uno	CO-034	Drug_984	0.7597	0.1075	0.96	0	12
Uno	CO-034	Drug_538	0.8497	0.0504	0.947	0	12
Uno	CO-034	Drug_1220	0.9162	0.0215	0.994	0	12
Uno	CO-034	Drug_201	0.8293	0.029	0.993	0	12
Uno	CO-034	Drug_865	0.7463	0.0363	0.969	0	12
Uno	CO-034	Drug_1327	0.5942	0.026	0.478	0	12
Uno	CO-034	Drug_118	0.9562	0.0274	1	0	12
Uno	CO-034	Drug_554	0.7609	0.0533	0.972	0	12
Uno	CO-034	Drug_557	0.9297	0.014	0.954	0	12
Uno	CO-034	Drug_246	0.9558	0.0148	1	0	12
Uno	CO-034	Drug_495	0.848	0.0382	0.969	0	12
Uno	CO-034	Drug_1472	0.4338	0.0606	0.88	0	12
Uno	CO-034	Drug_614	0.6815	0.0879	0.96	0	12
Uno	CO-034	Drug_1127	0.4926	0.1092	0.99	0	12
Uno	CO-152	Drug_118	0.9718	0.0189	0.943	0	12
Uno	CO-152	Drug_554	0.7998	0.0642	0.569	0	12
Uno	CO-152	Drug_865	0.784	0.0542	0.421	0	12
Uno	CO-152	Drug_201	0.862	0.0331	0.856	0	12
Uno	CO-152	Drug_1327	0.5681	0.0281	0.643	0	12
Uno	CO-152	Drug_614	0.8369	0.0657	0.665	0	12
Uno	CO-152	Drug_1127	0.6296	0.0655	0.216	0	12
Uno	CO-152	Drug_557	0.9435	0.0147	0.847	0	12
Uno	CO-152	Drug_246	0.9657	0.0124	0.887	0	12
Uno	CO-152	Drug_1472	0.5828	0.0909	0.209	0	12
Uno	CO-152	Drug_495	0.8943	0.0358	0.85	0	12
Uno	CO-152	Drug_908	0.6912	0.0405	0.342	0	12
Uno	CO-152	JNK-IN-8	0.91	0.0162	0.875	0	12
Uno	CO-152	Drug_883	0.9384	0.0141	0.793	0	12
Uno	CO-152	Drug_731	0.9645	0.0167	0.978	0	12
Uno	CO-152	Drug_384	0.8682	0.0465	0.675	0	12
Uno	CO-152	Drug_237	0.9512	0.0185	0.776	0	12
Uno	CO-152	Drug_293	0.9836	0.0153	0.98	0	12
Uno	CO-152	Drug_601	0.9549	0.0135	0.878	0	12
Uno	CO-152	Drug_984	0.7805	0.055	0.732	0	12
Uno	CO-152	Drug_538	0.9166	0.0345	0.688	0	12
Uno	CO-152	Drug_1220	0.9474	0.0166	0.967	0	12
Uno	CO-152	Drug_194	0.5442	0.0875	0.339	0	12
Uno	CO-152	Drug_988	0.5139	0.0917	0.3	0	12
Uno	CO-152	Drug_572	0.7897	0.0572	0.661	0	12
Uno	CO-152	Drug_721	0.9672	0.01	0.971	0	12
Uno	CO-152	Drug_1078	0.8531	0.0303	0.597	0	12
Uno	HN-264	Drug_1105	0.318	0.0656	0.715	0	12
Uno	HN-264	Drug_201	0.7953	0.0138	0.885	0	12
Uno	HN-264	Drug_554	0.6315	0.0482	0.769	0	12
Uno	HN-264	Drug_533	0.9177	0.0208	0.846	0	12
Uno	HN-264	Drug_967	0.8207	0.0403	0.841	0	12
Uno	HN-264	Drug_953	0.8374	0.0323	0.908	0	12
Uno	HN-264	Drug_1472	0.3612	0.0452	0.577	0	12
Uno	HN-264	Drug_246	0.9037	0.0229	0.968	0	12
Uno	HN-264	Drug_1127	0.3447	0.0464	0.657	0	12
Uno	HN-264	Drug_614	0.6771	0.0499	0.697	0	12
Uno	HN-264	Drug_42	0.9529	0.0142	0.936	0	12
Uno	HN-264	Drug_293	0.9445	0.0239	0.985	0	12
Uno	HN-264	Drug_237	0.8423	0.0302	0.959	0	12
Uno	HN-264	Drug_859	0.9477	0.0066	0.974	0	12
Uno	HN-264	Drug_720	0.9557	0.0132	0.95	0	12
Uno	HN-264	JNK-IN-8	0.8819	0.0309	0.881	0	12
Uno	HN-264	Drug_908	0.4723	0.0521	0.561	0	12
Uno	HN-264	Drug_384	0.8536	0.0434	0.912	0	12
Uno	HN-264	Drug_572	0.6628	0.0233	0.603	0	12
Uno	HN-264	Drug_988	0.3639	0.0332	0.533	0	12
Uno	HN-264	Drug_1078	0.5605	0.0758	0.591	0	12
Uno	HN-264	Drug_194	0.368	0.0339	0.537	0	12
Uno	HN-264	Drug_728	0.6437	0.034	0.674	0	12
Uno	HN-264	Drug_1220	0.9081	0.023	0.914	0	12
Uno	HN-264	Drug_538	0.7555	0.0326	0.893	0	12
Uno	HN-264	Drug_984	0.7804	0.0488	0.809	0	12
Uno	HN-264	Drug_1168	0.8772	0.0388	0.827	0	12
Uno	HN-144	Drug_293	0.9679	0.021	0.989	0	12
Uno	HN-144	Drug_42	0.9317	0.0243	0.893	0	12
Uno	HN-144	Drug_384	0.8155	0.0575	0.973	0	12
Uno	HN-144	JNK-IN-8	0.8958	0.0236	0.971	0	12
Uno	HN-144	Drug_908	0.491	0.056	0.168	0	12
Uno	HN-144	Drug_720	0.959	0.0141	0.92	0	12
Uno	HN-144	Drug_859	0.9508	0.0131	0.979	0	12
Uno	HN-144	Drug_237	0.8604	0.0307	0.626	0	12
Uno	HN-144	Drug_194	0.3646	0.0589	0.239	0	12
Uno	HN-144	Drug_988	0.388	0.0333	0.331	0	12
Uno	HN-144	Drug_572	0.7007	0.0394	0.64	0	12
Uno	HN-144	Drug_1078	0.5823	0.0623	0.545	0	12
Uno	HN-144	Drug_984	0.8173	0.0361	0.594	0	12
Uno	HN-144	Drug_1168	0.8383	0.0477	0.754	0	12
Uno	HN-144	Drug_1220	0.901	0.0367	0.903	0	12
Uno	HN-144	Drug_728	0.6542	0.0359	0.652	0	12
Uno	HN-144	Drug_538	0.7558	0.0476	0.701	0	12
Uno	HN-144	Drug_201	0.8238	0.0294	0.809	0	12
Uno	HN-144	Drug_1105	0.4226	0.0632	0.216	0	12
Uno	HN-144	Drug_953	0.9152	0.0196	0.562	0	12
Uno	HN-144	Drug_533	0.9151	0.0174	0.892	0	12
Uno	HN-144	Drug_967	0.865	0.0368	0.833	0	12
Uno	HN-144	Drug_554	0.7228	0.0339	0.537	0	12
Uno	HN-144	Drug_246	0.9421	0.0114	0.892	0	12
Uno	HN-144	Drug_1472	0.4258	0.043	0.126	0	12
Uno	HN-144	Drug_614	0.6987	0.064	0.653	0	12
Uno	HN-144	Drug_1127	0.4329	0.0545	0.236	0	12
Uno	HN-161	Drug_246	0.9273	0.0185	1	0	12
Uno	HN-161	Drug_1472	0.371	0.0437	0.75	0	12
Uno	HN-161	Drug_614	0.6303	0.0636	0.822	0	12
Uno	HN-161	Drug_1127	0.2999	0.0423	0.783	0	12
Uno	HN-161	Drug_1105	0.2897	0.0508	0.784	0	12
Uno	HN-161	Drug_201	0.811	0.0253	0.867	0	12
Uno	HN-161	Drug_953	0.9053	0.0289	0.988	0	12
Uno	HN-161	Drug_967	0.8621	0.0389	0.862	0	12
Uno	HN-161	Drug_533	0.926	0.0174	0.913	0	12
Uno	HN-161	Drug_554	0.6453	0.0428	0.823	0	12
Uno	HN-161	Drug_194	0.3234	0.0411	0.489	0	12
Uno	HN-161	Drug_988	0.348	0.034	0.567	0	12
Uno	HN-161	Drug_572	0.6469	0.0327	0.815	0	12
Uno	HN-161	Drug_1078	0.5821	0.0611	0.654	0	12
Uno	HN-161	Drug_1168	0.801	0.0549	0.871	0	12
Uno	HN-161	Drug_984	0.7496	0.0865	0.761	0	12
Uno	HN-161	Drug_728	0.6167	0.0425	0.749	0	12
Uno	HN-161	Drug_538	0.6847	0.0513	0.891	0	12
Uno	HN-161	Drug_1220	0.9082	0.0406	0.911	0	12
Uno	HN-161	Drug_42	0.9242	0.0331	0.957	0	12
Uno	HN-161	Drug_293	0.9738	0.0217	0.999	0	12
Uno	HN-161	JNK-IN-8	0.8791	0.0307	0.978	0	12
Uno	HN-161	Drug_384	0.8569	0.0441	0.848	0	12
Uno	HN-161	Drug_908	0.4346	0.07	0.559	0	12
Uno	HN-161	Drug_720	0.9606	0.0093	0.977	0	12
Uno	HN-161	Drug_859	0.9546	0.0104	0.999	0	12
Uno	HN-161	Drug_237	0.842	0.0384	0.937	0	12
Uno	CO-171	Drug_194	0.365	0.0421	0.266	0	12
Uno	CO-171	Drug_988	0.3496	0.0316	0.163	0	12
Uno	CO-171	Drug_572	0.6835	0.0363	0.616	0	12
Uno	CO-171	Drug_721	0.961	0.0192	0.961	0	12
Uno	CO-171	Drug_1078	0.6582	0.1089	0.787	0	12
Uno	CO-171	Drug_984	0.6079	0.0755	0.846	0	12
Uno	CO-171	Drug_1220	0.9347	0.0173	0.852	0	12
Uno	CO-171	Drug_538	0.7695	0.0344	0.726	0	12
Uno	CO-171	Drug_293	0.9661	0.0086	0.983	0	12
Uno	CO-171	Drug_601	0.9521	0.0146	0.977	0	12
Uno	CO-171	JNK-IN-8	0.8809	0.0308	0.871	0	12
Uno	CO-171	Drug_883	0.8841	0.0349	1	0	12
Uno	CO-171	Drug_908	0.606	0.0754	0.44	0	12
Uno	CO-171	Drug_384	0.8363	0.0226	0.853	0	12
Uno	CO-171	Drug_731	0.9447	0.0097	0.975	0	12
Uno	CO-171	Drug_237	0.8798	0.0265	0.864	0	12
Uno	CO-171	Drug_246	0.9342	0.0169	0.98	0	12
Uno	CO-171	Drug_557	0.9081	0.0216	0.924	0	12
Uno	CO-171	Drug_1472	0.3202	0.0269	0.261	0	12
Uno	CO-171	Drug_495	0.8331	0.0415	0.752	0	12
Uno	CO-171	Drug_614	0.8103	0.0526	0.731	0	12
Uno	CO-171	Drug_1127	0.3956	0.0244	0.327	0	12
Uno	CO-171	Drug_865	0.714	0.0499	0.648	0	12
Uno	CO-171	Drug_201	0.787	0.0216	0.794	0	12
Uno	CO-171	Drug_1327	0.5512	0.023	0.677	0	12
Uno	CO-171	Drug_118	0.9585	0.0266	0.994	0	12
Uno	CO-171	Drug_554	0.6607	0.0499	0.582	0	12
